{"A": 0.473684, "C": 0.105263, "D": 0.0526316, "E": 0.0526316, "F": 0.473684, "G": 0.263158, "H": 0.0526316, "I": 0.526316, "K": 0.0526316, "L": 1.0, "M": 0.157895, "N": 0.105263, "P": 0.0, "Q": 0.105263, "R": 0.0, "S": 0.315789, "T": 0.368421, "V": 0.736842, "W": 0.105263, "Y": 0.263158, "X": 0.5}