{"A": 0.581317, "C": 0.911962, "D": 0.170699, "E": 0.106183, "F": 0.991935, "G": 0.537634, "H": 0.514113, "I": 0.866263, "K": 0.161962, "L": 0.786962, "M": 0.732527, "N": 0.399194, "P": 0.0, "Q": 0.400538, "R": 0.00201613, "S": 0.462366, "T": 0.66129, "V": 0.836694, "W": 1.0, "Y": 0.872984, "X": 0.5}