{"A": 0.875, "C": 0.3125, "D": 0.541667, "E": 1.0, "F": 0.552083, "G": 0.114583, "H": 0.614583, "I": 0.583333, "K": 0.729167, "L": 0.71875, "M": 0.96875, "N": 0.385417, "P": 0.0, "Q": 0.645833, "R": 0.5, "S": 0.229167, "T": 0.302083, "V": 0.4375, "W": 0.46875, "Y": 0.28125, "X": 0.5}