{"A": 0.00680272, "C": 0.0272109, "D": 1.0, "E": 0.0680272, "F": 0.0, "G": 0.0544218, "H": 0.0748299, "I": 0.0136054, "K": 0.0748299, "L": 0.0, "M": 0.0136054, "N": 0.0884354, "P": 0.0884354, "Q": 0.0748299, "R": 0.0816327, "S": 0.0408163, "T": 0.0272109, "V": 0.00680272, "W": 0.0408163, "Y": 0.0408163, "X": 0.5}