{"A": 0.260355, "C": 0.680473, "D": 0.0, "E": 0.0887574, "F": 0.627219, "G": 0.307692, "H": 0.307692, "I": 0.923077, "K": 0.207101, "L": 0.739645, "M": 0.325444, "N": 0.0118343, "P": 0.12426, "Q": 0.260355, "R": 0.284024, "S": 0.301775, "T": 0.621302, "V": 1.0, "W": 0.284024, "Y": 0.455621, "X": 0.5}