{"A": 0.0769231, "C": 0.24359, "D": 0.564103, "E": 0.0, "F": 0.0512821, "G": 0.628205, "H": 0.397436, "I": 0.166667, "K": 0.179487, "L": 0.0641026, "M": 0.0641026, "N": 0.525641, "P": 1.0, "Q": 0.24359, "R": 0.166667, "S": 0.474359, "T": 0.5, "V": 0.0128205, "W": 0.230769, "Y": 0.448718, "X": 0.5}