{"A": 0.578431, "C": 0.0, "D": 0.666667, "E": 0.911765, "F": 0.166667, "G": 0.637255, "H": 0.411765, "I": 0.156863, "K": 0.901961, "L": 0.284314, "M": 0.735294, "N": 0.431373, "P": 0.95098, "Q": 1.0, "R": 0.745098, "S": 0.735294, "T": 0.421569, "V": 0.245098, "W": 0.0784314, "Y": 0.117647, "X": 0.5}