{"A": 0.820339, "C": 0.918644, "D": 0.572881, "E": 0.613559, "F": 0.918644, "G": 0.80339, "H": 0.6, "I": 1.0, "K": 0.223729, "L": 0.877966, "M": 0.837288, "N": 0.518644, "P": 0.918644, "Q": 0.4, "R": 0.0, "S": 0.664407, "T": 0.677966, "V": 0.949153, "W": 0.718644, "Y": 0.572881, "X": 0.5}