{"A": 0.7, "C": 0.777778, "D": 0.111111, "E": 0.111111, "F": 0.811111, "G": 0.455556, "H": 0.144444, "I": 1.0, "K": 0.0666667, "L": 0.922222, "M": 0.711111, "N": 0.111111, "P": 0.322222, "Q": 0.111111, "R": 0.0, "S": 0.411111, "T": 0.422222, "V": 0.966667, "W": 0.4, "Y": 0.355556, "X": 0.5}