{"A": 0.777778, "C": 1.0, "D": 0.444444, "E": 0.407407, "F": 0.851852, "G": 0.777778, "H": 0.62963, "I": 0.925926, "K": 0.0, "L": 0.851852, "M": 0.814815, "N": 0.481481, "P": 0.555556, "Q": 0.407407, "R": 0.148148, "S": 0.62963, "T": 0.592593, "V": 0.888889, "W": 0.777778, "Y": 0.518519, "X": 0.5}