{"A": 0.858108, "C": 0.797297, "D": 0.0135135, "E": 0.108108, "F": 1.0, "G": 0.675676, "H": 0.398649, "I": 0.912162, "K": 0.0, "L": 0.932432, "M": 0.898649, "N": 0.162162, "P": 0.304054, "Q": 0.162162, "R": 0.0405405, "S": 0.594595, "T": 0.668919, "V": 0.864865, "W": 0.614865, "Y": 0.5, "X": 0.5}