{"A": 0.137405, "C": 0.232824, "D": 0.137405, "E": 0.175573, "F": 0.950382, "G": 0.0610687, "H": 0.10687, "I": 0.923664, "K": 0.194656, "L": 1.0, "M": 0.622137, "N": 0.0305344, "P": 0.435115, "Q": 0.0, "R": 0.10687, "S": 0.209924, "T": 0.259542, "V": 0.656489, "W": 0.828244, "Y": 0.916031, "X": 0.5}