{"A": 0.576846, "C": 0.60479, "D": 0.427146, "E": 0.421158, "F": 0.996008, "G": 0.489022, "H": 0.487026, "I": 0.98004, "K": 0.0, "L": 0.98004, "M": 0.708583, "N": 0.225549, "P": 0.746507, "Q": 0.347305, "R": 0.00598802, "S": 0.321357, "T": 0.407186, "V": 0.834331, "W": 1.0, "Y": 0.814371, "X": 0.5}