{"A": 0.156641, "C": 0.294223, "D": 0.317451, "E": 0.458606, "F": 0.772484, "G": 0.0, "H": 0.568791, "I": 0.602144, "K": 0.632519, "L": 0.600357, "M": 0.618821, "N": 0.379392, "P": 0.353186, "Q": 0.509827, "R": 0.768314, "S": 0.18106, "T": 0.334723, "V": 0.448481, "W": 0.793925, "Y": 1.0, "X": 0.5}