{"A": 0.146568, "C": 0.42919, "D": 0.215832, "E": 0.315399, "F": 0.811379, "G": 0.0, "H": 0.574521, "I": 0.588126, "K": 0.325294, "L": 0.62585, "M": 0.680272, "N": 0.249845, "P": 0.185529, "Q": 0.348176, "R": 0.6141, "S": 0.140383, "T": 0.269635, "V": 0.482993, "W": 1.0, "Y": 0.709957, "X": 0.5}