{"A": 0.503546, "C": 0.386525, "D": 0.0, "E": 0.0319149, "F": 0.670213, "G": 0.170213, "H": 0.0531915, "I": 0.542553, "K": 0.0035461, "L": 0.989362, "M": 1.0, "N": 0.0460993, "P": 0.219858, "Q": 0.131206, "R": 0.109929, "S": 0.237589, "T": 0.27305, "V": 0.35461, "W": 0.333333, "Y": 0.191489, "X": 0.5}