{"A": 0.531707, "C": 0.209756, "D": 0.0926829, "E": 0.156098, "F": 1.0, "G": 0.6, "H": 0.273171, "I": 0.556098, "K": 0.0, "L": 0.619512, "M": 0.595122, "N": 0.234146, "P": 0.273171, "Q": 0.2, "R": 0.0878049, "S": 0.268293, "T": 0.346341, "V": 0.541463, "W": 0.741463, "Y": 0.4, "X": 0.5}