{"A": 0.222222, "C": 0.373737, "D": 0.040404, "E": 0.0505051, "F": 0.656566, "G": 0.20202, "H": 0.373737, "I": 0.474747, "K": 0.333333, "L": 0.353535, "M": 0.747475, "N": 0.0, "P": 0.020202, "Q": 0.393939, "R": 0.393939, "S": 0.191919, "T": 0.484848, "V": 1.0, "W": 0.393939, "Y": 0.686869, "X": 0.5}