{"A": 0.030303, "C": 0.00757576, "D": 0.287879, "E": 0.094697, "F": 0.0833333, "G": 1.0, "H": 0.189394, "I": 0.0871212, "K": 0.223485, "L": 0.0530303, "M": 0.109848, "N": 0.670455, "P": 0.0909091, "Q": 0.212121, "R": 0.0492424, "S": 0.242424, "T": 0.0, "V": 0.140152, "W": 0.0909091, "Y": 0.166667, "X": 0.5}