{"A": 0.246914, "C": 0.469136, "D": 0.037037, "E": 0.0, "F": 0.679012, "G": 0.283951, "H": 0.234568, "I": 1.0, "K": 0.135802, "L": 0.469136, "M": 0.333333, "N": 0.0864198, "P": 0.0246914, "Q": 0.419753, "R": 0.382716, "S": 0.444444, "T": 0.753086, "V": 0.950617, "W": 0.740741, "Y": 0.802469, "X": 0.5}