{"A": 0.810526, "C": 0.621053, "D": 0.547368, "E": 0.968421, "F": 0.578947, "G": 0.0421053, "H": 0.736842, "I": 0.473684, "K": 0.747368, "L": 0.821053, "M": 1.0, "N": 0.4, "P": 0.0, "Q": 0.789474, "R": 0.463158, "S": 0.315789, "T": 0.315789, "V": 0.410526, "W": 0.494737, "Y": 0.210526, "X": 0.5}