{"A": 0.345865, "C": 0.616541, "D": 0.12782, "E": 0.0, "F": 0.759398, "G": 0.285714, "H": 0.37594, "I": 0.924812, "K": 0.278195, "L": 0.699248, "M": 0.511278, "N": 0.390977, "P": 0.135338, "Q": 0.548872, "R": 0.421053, "S": 0.285714, "T": 0.616541, "V": 1.0, "W": 0.75188, "Y": 0.827068, "X": 0.5}