{"A": 0.904255, "C": 0.138298, "D": 0.468085, "E": 1.0, "F": 0.595745, "G": 0.0, "H": 0.457447, "I": 0.542553, "K": 0.62766, "L": 0.680851, "M": 0.93617, "N": 0.106383, "P": 0.0, "Q": 0.574468, "R": 0.43617, "S": 0.212766, "T": 0.276596, "V": 0.521277, "W": 0.542553, "Y": 0.12766, "X": 0.5}