{"A": 0.460432, "C": 0.453237, "D": 0.381295, "E": 0.00719424, "F": 0.647482, "G": 0.143885, "H": 0.0, "I": 1.0, "K": 0.589928, "L": 0.841727, "M": 0.748201, "N": 0.280576, "P": 0.0, "Q": 0.366906, "R": 0.273381, "S": 0.208633, "T": 0.568345, "V": 0.899281, "W": 0.345324, "Y": 0.755396, "X": 0.5}