{"A": 0.717949, "C": 0.376068, "D": 0.410256, "E": 1.0, "F": 0.564103, "G": 0.0769231, "H": 0.854701, "I": 0.42735, "K": 0.461538, "L": 0.683761, "M": 0.777778, "N": 0.196581, "P": 0.0, "Q": 0.794872, "R": 0.25641, "S": 0.290598, "T": 0.384615, "V": 0.401709, "W": 0.717949, "Y": 0.0, "X": 0.5}