{"A": 0.322449, "C": 0.281633, "D": 0.195918, "E": 0.0, "F": 0.302041, "G": 0.534694, "H": 0.697959, "I": 0.204082, "K": 0.685714, "L": 0.191837, "M": 0.44898, "N": 0.555102, "P": 0.269388, "Q": 0.485714, "R": 1.0, "S": 0.522449, "T": 0.461224, "V": 0.244898, "W": 0.510204, "Y": 0.538776, "X": 0.5}