{"A": 0.449367, "C": 0.0, "D": 0.607595, "E": 0.436709, "F": 0.588608, "G": 0.917722, "H": 0.512658, "I": 0.462025, "K": 0.594937, "L": 0.297468, "M": 0.240506, "N": 0.670886, "P": 0.689873, "Q": 0.563291, "R": 0.892405, "S": 0.696203, "T": 0.443038, "V": 0.443038, "W": 0.455696, "Y": 1.0, "X": 0.5}