{"A": 0.515464, "C": 0.0, "D": 0.618557, "E": 0.618557, "F": 0.56701, "G": 0.824742, "H": 0.505155, "I": 0.494845, "K": 1.0, "L": 0.381443, "M": 0.195876, "N": 0.57732, "P": 0.587629, "Q": 0.587629, "R": 0.958763, "S": 0.546392, "T": 0.505155, "V": 0.515464, "W": 0.43299, "Y": 0.835052, "X": 0.5}