{"A": 0.676056, "C": 1.0, "D": 0.225352, "E": 0.183099, "F": 0.774648, "G": 0.690141, "H": 0.43662, "I": 0.887324, "K": 0.0, "L": 0.802817, "M": 0.690141, "N": 0.267606, "P": 0.309859, "Q": 0.183099, "R": 0.028169, "S": 0.450704, "T": 0.380282, "V": 0.859155, "W": 0.647887, "Y": 0.295775, "X": 0.5}