{"A": 0.627119, "C": 0.745763, "D": 0.237288, "E": 0.288136, "F": 0.830508, "G": 0.59322, "H": 0.271186, "I": 1.0, "K": 0.0338983, "L": 0.745763, "M": 0.661017, "N": 0.186441, "P": 0.288136, "Q": 0.101695, "R": 0.0, "S": 0.355932, "T": 0.372881, "V": 0.898305, "W": 0.440678, "Y": 0.237288, "X": 0.5}