{"A": 0.909091, "C": 1.0, "D": 0.181818, "E": 0.136364, "F": 0.636364, "G": 0.818182, "H": 0.0909091, "I": 0.863636, "K": 0.0, "L": 0.727273, "M": 0.5, "N": 0.136364, "P": 0.181818, "Q": 0.0454545, "R": 0.0, "S": 0.363636, "T": 0.363636, "V": 0.818182, "W": 0.181818, "Y": 0.136364, "X": 0.5}