{"A": 0.291765, "C": 0.0197647, "D": 0.00847059, "E": 0.0574118, "F": 0.345882, "G": 0.210353, "H": 0.0343529, "I": 0.588235, "K": 0.0348235, "L": 1.0, "M": 0.318118, "N": 0.0672941, "P": 0.145882, "Q": 0.0371765, "R": 0.0, "S": 0.302588, "T": 0.399059, "V": 0.277176, "W": 0.08, "Y": 0.101647, "X": 0.5}