{"A": 0.601449, "C": 0.0289855, "D": 0.00922266, "E": 0.00724638, "F": 0.5639, "G": 0.51581, "H": 0.00197628, "I": 0.650198, "K": 0.0, "L": 1.0, "M": 0.202899, "N": 0.0210804, "P": 0.0790514, "Q": 0.0349144, "R": 0.0111989, "S": 0.285903, "T": 0.301054, "V": 0.685112, "W": 0.107378, "Y": 0.108037, "X": 0.5}