{"A": 0.828774, "C": 0.0, "D": 0.285714, "E": 0.377913, "F": 0.535968, "G": 0.753799, "H": 0.0820669, "I": 0.547112, "K": 0.246201, "L": 1.0, "M": 0.209726, "N": 0.267477, "P": 0.333333, "Q": 0.212766, "R": 0.292806, "S": 0.525836, "T": 0.465046, "V": 0.656535, "W": 0.116515, "Y": 0.223911, "X": 0.5}