{"A": 0.0833333, "C": 0.0416667, "D": 0.0, "E": 0.0, "F": 0.958333, "G": 0.0, "H": 0.0, "I": 0.958333, "K": 0.0, "L": 0.916667, "M": 0.0833333, "N": 0.0, "P": 0.0, "Q": 0.0, "R": 0.0, "S": 0.0, "T": 0.0416667, "V": 1.0, "W": 0.0416667, "Y": 0.0416667, "X": 0.5}