{"A": 0.454545, "C": 0.636364, "D": 0.272727, "E": 0.0909091, "F": 0.818182, "G": 0.636364, "H": 0.181818, "I": 0.636364, "K": 0.0909091, "L": 1.0, "M": 0.272727, "N": 0.363636, "P": 0.0, "Q": 0.272727, "R": 0.0909091, "S": 0.636364, "T": 1.0, "V": 0.909091, "W": 0.272727, "Y": 0.454545, "X": 0.5}