{"A": 0.333333, "C": 0.0833333, "D": 0.0, "E": 0.0, "F": 0.5, "G": 0.125, "H": 0.0, "I": 0.541667, "K": 0.0, "L": 1.0, "M": 0.125, "N": 0.0416667, "P": 0.0, "Q": 0.0416667, "R": 0.0, "S": 0.125, "T": 0.208333, "V": 0.708333, "W": 0.125, "Y": 0.208333, "X": 0.5}