{"A": 0.111111, "C": 0.944444, "D": 0.0555556, "E": 0.0, "F": 0.777778, "G": 0.166667, "H": 0.0555556, "I": 0.333333, "K": 0.0, "L": 0.388889, "M": 0.111111, "N": 0.111111, "P": 0.0, "Q": 0.0555556, "R": 0.0, "S": 0.222222, "T": 1.0, "V": 0.5, "W": 0.222222, "Y": 0.277778, "X": 0.5}