{"A": 0.491803, "C": 0.666667, "D": 0.0, "E": 0.117486, "F": 0.980874, "G": 0.355191, "H": 0.221311, "I": 1.0, "K": 0.248634, "L": 0.879781, "M": 0.751366, "N": 0.147541, "P": 0.412568, "Q": 0.166667, "R": 0.163934, "S": 0.423497, "T": 0.459016, "V": 0.937158, "W": 0.786885, "Y": 0.819672, "X": 0.5}