{"A": 0.990099, "C": 0.475248, "D": 0.425743, "E": 1.0, "F": 0.70297, "G": 0.019802, "H": 0.50495, "I": 0.50495, "K": 0.673267, "L": 0.742574, "M": 0.861386, "N": 0.277228, "P": 0.0, "Q": 0.663366, "R": 0.722772, "S": 0.247525, "T": 0.29703, "V": 0.49505, "W": 0.594059, "Y": 0.29703, "X": 0.5}