{"A": 0.25, "C": 0.208333, "D": 0.875, "E": 0.833333, "F": 0.0416667, "G": 1.0, "H": 0.0833333, "I": 0.666667, "K": 0.708333, "L": 0.291667, "M": 0.0, "N": 0.666667, "P": 0.875, "Q": 0.791667, "R": 0.958333, "S": 0.875, "T": 0.583333, "V": 0.375, "W": 0.0416667, "Y": 0.5, "X": 0.5}