{"A": 0.247788, "C": 0.566372, "D": 0.159292, "E": 0.0, "F": 0.59292, "G": 0.309735, "H": 0.345133, "I": 0.840708, "K": 0.212389, "L": 0.628319, "M": 0.460177, "N": 0.079646, "P": 0.0707965, "Q": 0.39823, "R": 0.283186, "S": 0.345133, "T": 0.575221, "V": 1.0, "W": 0.575221, "Y": 0.619469, "X": 0.5}