{"A": 0.146612, "C": 0.29965, "D": 0.339369, "E": 0.518107, "F": 0.800234, "G": 0.0, "H": 0.589369, "I": 0.598131, "K": 0.612734, "L": 0.592874, "M": 0.609813, "N": 0.401869, "P": 0.367407, "Q": 0.553154, "R": 0.792056, "S": 0.191005, "T": 0.32535, "V": 0.439836, "W": 1.0, "Y": 0.801402, "X": 0.5}