{"A": 0.214286, "C": 0.0357143, "D": 0.321429, "E": 0.392857, "F": 0.0, "G": 0.321429, "H": 0.142857, "I": 0.178571, "K": 0.357143, "L": 0.178571, "M": 0.107143, "N": 0.321429, "P": 0.428571, "Q": 0.428571, "R": 1.0, "S": 0.321429, "T": 0.25, "V": 0.142857, "W": 0.0357143, "Y": 0.178571, "X": 0.5}