{"A": 0.222222, "C": 0.518519, "D": 0.117284, "E": 0.135802, "F": 0.641975, "G": 0.191358, "H": 0.314815, "I": 0.895062, "K": 0.228395, "L": 0.561728, "M": 0.530864, "N": 0.154321, "P": 0.0, "Q": 0.302469, "R": 0.351852, "S": 0.358025, "T": 0.537037, "V": 1.0, "W": 0.592593, "Y": 0.567901, "X": 0.5}