{"A": 0.684783, "C": 0.0217391, "D": 0.217391, "E": 0.304348, "F": 0.413043, "G": 0.565217, "H": 0.0217391, "I": 0.532609, "K": 0.282609, "L": 1.0, "M": 0.108696, "N": 0.206522, "P": 0.315217, "Q": 0.141304, "R": 0.304348, "S": 0.597826, "T": 0.413043, "V": 0.641304, "W": 0.0, "Y": 0.163043, "X": 0.5}