{"A": 0.697749, "C": 0.675241, "D": 0.022508, "E": 0.167203, "F": 1.0, "G": 0.635048, "H": 0.532154, "I": 0.927653, "K": 0.189711, "L": 0.927653, "M": 0.789389, "N": 0.327974, "P": 0.794212, "Q": 0.426045, "R": 0.0, "S": 0.435691, "T": 0.474277, "V": 0.844051, "W": 0.977492, "Y": 0.871383, "X": 0.5}