{"A": 0.805627, "C": 0.721228, "D": 0.41688, "E": 0.457801, "F": 0.951407, "G": 0.769821, "H": 0.544757, "I": 1.0, "K": 0.263427, "L": 0.918159, "M": 0.810742, "N": 0.44757, "P": 0.677749, "Q": 0.429668, "R": 0.0, "S": 0.601023, "T": 0.634271, "V": 0.923274, "W": 0.85422, "Y": 0.713555, "X": 0.5}