{"A": 0.404908, "C": 0.782209, "D": 0.0736196, "E": 0.113497, "F": 0.858896, "G": 0.309816, "H": 0.349693, "I": 0.861963, "K": 0.00613497, "L": 0.831288, "M": 0.687117, "N": 0.125767, "P": 0.530675, "Q": 0.242331, "R": 0.0, "S": 0.297546, "T": 0.389571, "V": 0.684049, "W": 1.0, "Y": 0.604294, "X": 0.5}