{"A": 0.281734, "C": 0.458204, "D": 0.0, "E": 0.0278638, "F": 1.0, "G": 0.198142, "H": 0.20743, "I": 0.79257, "K": 0.198142, "L": 0.783282, "M": 0.721362, "N": 0.120743, "P": 0.25387, "Q": 0.123839, "R": 0.22291, "S": 0.235294, "T": 0.318885, "V": 0.687307, "W": 0.560372, "Y": 0.922601, "X": 0.5}