{"A": 0.341772, "C": 0.746835, "D": 0.234177, "E": 0.0, "F": 0.702532, "G": 0.265823, "H": 0.322785, "I": 1.0, "K": 0.329114, "L": 0.746835, "M": 0.746835, "N": 0.246835, "P": 0.0949367, "Q": 0.563291, "R": 0.537975, "S": 0.360759, "T": 0.620253, "V": 0.962025, "W": 0.531646, "Y": 0.721519, "X": 0.5}