{"A": 0.920732, "C": 0.445122, "D": 0.554878, "E": 1.0, "F": 0.621951, "G": 0.0, "H": 0.597561, "I": 0.560976, "K": 0.664634, "L": 0.719512, "M": 0.847561, "N": 0.213415, "P": 0.054878, "Q": 0.585366, "R": 0.469512, "S": 0.286585, "T": 0.365854, "V": 0.609756, "W": 0.597561, "Y": 0.25, "X": 0.5}