{"A": 0.272727, "C": 0.272727, "D": 1.0, "E": 0.857143, "F": 0.181818, "G": 0.571429, "H": 0.545455, "I": 0.0909091, "K": 0.779221, "L": 0.0, "M": 0.220779, "N": 0.753247, "P": 0.662338, "Q": 0.506494, "R": 0.883117, "S": 0.675325, "T": 0.363636, "V": 0.155844, "W": 0.103896, "Y": 0.428571, "X": 0.5}