{"A": 0.307692, "C": 0.448718, "D": 1.0, "E": 0.717949, "F": 0.0, "G": 0.538462, "H": 0.5, "I": 0.166667, "K": 0.935897, "L": 0.166667, "M": 0.192308, "N": 0.75641, "P": 0.692308, "Q": 0.858974, "R": 1.0, "S": 0.589744, "T": 0.551282, "V": 0.307692, "W": 0.333333, "Y": 0.410256, "X": 0.5}