{"A": 0.860465, "C": 0.395349, "D": 0.523256, "E": 1.0, "F": 0.511628, "G": 0.0348837, "H": 0.848837, "I": 0.406977, "K": 0.77907, "L": 0.848837, "M": 0.94186, "N": 0.430233, "P": 0.0, "Q": 0.604651, "R": 0.465116, "S": 0.209302, "T": 0.244186, "V": 0.406977, "W": 0.453488, "Y": 0.174419, "X": 0.5}