{"A": 0.880952, "C": 0.190476, "D": 0.404762, "E": 1.0, "F": 0.47619, "G": 0.0, "H": 0.666667, "I": 0.595238, "K": 0.666667, "L": 0.714286, "M": 0.714286, "N": 0.166667, "P": 0.214286, "Q": 0.714286, "R": 0.333333, "S": 0.190476, "T": 0.357143, "V": 0.619048, "W": 0.809524, "Y": 0.0952381, "X": 0.5}