{"A": 0.305882, "C": 0.117647, "D": 0.0941176, "E": 0.129412, "F": 0.8, "G": 0.329412, "H": 0.517647, "I": 0.952941, "K": 0.152941, "L": 0.447059, "M": 0.388235, "N": 0.141176, "P": 0.0, "Q": 0.188235, "R": 0.411765, "S": 0.364706, "T": 0.670588, "V": 1.0, "W": 0.588235, "Y": 0.717647, "X": 0.5}