{"A": 0.164706, "C": 0.505882, "D": 0.541176, "E": 0.2, "F": 0.0, "G": 0.905882, "H": 0.211765, "I": 0.258824, "K": 0.305882, "L": 0.0588235, "M": 0.0470588, "N": 0.941176, "P": 1.0, "Q": 0.270588, "R": 0.882353, "S": 0.894118, "T": 0.529412, "V": 0.294118, "W": 0.341176, "Y": 0.905882, "X": 0.5}