{"A": 0.666667, "C": 1.0, "D": 0.142857, "E": 0.690476, "F": 0.380952, "G": 0.119048, "H": 0.52381, "I": 0.428571, "K": 0.5, "L": 0.571429, "M": 0.738095, "N": 0.595238, "P": 0.261905, "Q": 0.357143, "R": 0.309524, "S": 0.357143, "T": 0.833333, "V": 0.547619, "W": 0.880952, "Y": 0.0, "X": 0.5}