{"A": 0.291457, "C": 0.286432, "D": 0.477387, "E": 0.326633, "F": 0.130653, "G": 1.0, "H": 0.0854271, "I": 0.155779, "K": 0.296482, "L": 0.201005, "M": 0.336683, "N": 0.422111, "P": 0.110553, "Q": 0.170854, "R": 0.0, "S": 0.39196, "T": 0.251256, "V": 0.100503, "W": 0.211055, "Y": 0.276382, "X": 0.5}