{"A": 0.45977, "C": 0.0, "D": 0.609195, "E": 0.701149, "F": 0.37931, "G": 0.517241, "H": 0.37931, "I": 0.367816, "K": 1.0, "L": 0.367816, "M": 0.045977, "N": 0.402299, "P": 0.402299, "Q": 0.505747, "R": 0.724138, "S": 0.436782, "T": 0.448276, "V": 0.390805, "W": 0.206897, "Y": 0.54023, "X": 0.5}