{"A": 0.12766, "C": 0.0, "D": 0.212766, "E": 0.0, "F": 0.170213, "G": 0.574468, "H": 0.723404, "I": 0.12766, "K": 0.978723, "L": 0.0425532, "M": 0.297872, "N": 0.595745, "P": 0.361702, "Q": 0.574468, "R": 1.0, "S": 0.531915, "T": 0.489362, "V": 0.0851064, "W": 0.574468, "Y": 0.553191, "X": 0.5}