{"A": 0.183099, "C": 0.577465, "D": 0.521127, "E": 0.183099, "F": 0.0704225, "G": 0.507042, "H": 0.732394, "I": 0.0, "K": 0.591549, "L": 0.0985915, "M": 0.197183, "N": 0.84507, "P": 0.084507, "Q": 0.647887, "R": 1.0, "S": 0.676056, "T": 0.43662, "V": 0.197183, "W": 0.450704, "Y": 0.43662, "X": 0.5}