{"A": 0.137143, "C": 0.222857, "D": 0.217143, "E": 0.114286, "F": 0.00571429, "G": 0.331429, "H": 0.531429, "I": 0.0457143, "K": 0.691429, "L": 0.0228571, "M": 0.171429, "N": 0.582857, "P": 0.0171429, "Q": 0.485714, "R": 1.0, "S": 0.514286, "T": 0.428571, "V": 0.0, "W": 0.217143, "Y": 0.394286, "X": 0.5}