{"A": 0.375, "C": 0.0833333, "D": 0.208333, "E": 0.0833333, "F": 0.0, "G": 1.0, "H": 0.791667, "I": 0.5, "K": 0.916667, "L": 0.25, "M": 0.5, "N": 0.5, "P": 0.833333, "Q": 0.625, "R": 0.875, "S": 0.791667, "T": 0.666667, "V": 0.541667, "W": 0.333333, "Y": 0.5, "X": 0.5}