{"A": 0.449153, "C": 0.0, "D": 0.313559, "E": 0.40678, "F": 0.5, "G": 0.652542, "H": 0.423729, "I": 0.457627, "K": 1.0, "L": 0.322034, "M": 0.237288, "N": 0.398305, "P": 0.389831, "Q": 0.440678, "R": 0.838983, "S": 0.177966, "T": 0.40678, "V": 0.516949, "W": 0.5, "Y": 0.491525, "X": 0.5}