{"A": 0.666667, "C": 0.25, "D": 0.333333, "E": 0.0, "F": 0.375, "G": 1.0, "H": 0.875, "I": 0.666667, "K": 0.916667, "L": 0.375, "M": 0.333333, "N": 0.708333, "P": 0.666667, "Q": 0.708333, "R": 0.875, "S": 0.791667, "T": 0.633333, "V": 0.458333, "W": 0.416667, "Y": 0.375, "X": 0.5}