{"A": 0.375, "C": 0.928571, "D": 0.107143, "E": 0.125, "F": 1.0, "G": 0.178571, "H": 0.696429, "I": 0.857143, "K": 0.0, "L": 0.821429, "M": 0.803571, "N": 0.196429, "P": 0.0714286, "Q": 0.0714286, "R": 0.321429, "S": 0.321429, "T": 0.125, "V": 0.732143, "W": 0.982143, "Y": 0.589286, "X": 0.5}