{"A": 0.362637, "C": 1.0, "D": 0.0769231, "E": 0.0549451, "F": 0.472527, "G": 0.384615, "H": 0.164835, "I": 0.67033, "K": 0.0, "L": 0.516484, "M": 0.406593, "N": 0.0769231, "P": 0.120879, "Q": 0.0549451, "R": 0.010989, "S": 0.164835, "T": 0.142857, "V": 0.626374, "W": 0.340659, "Y": 0.0989011, "X": 0.5}