{"A": 0.117647, "C": 0.588235, "D": 0.607843, "E": 0.245098, "F": 0.117647, "G": 0.911765, "H": 0.470588, "I": 0.0686275, "K": 0.392157, "L": 0.0980392, "M": 0.0, "N": 0.764706, "P": 1.0, "Q": 0.27451, "R": 0.460784, "S": 0.735294, "T": 0.480392, "V": 0.0392157, "W": 0.166667, "Y": 0.470588, "X": 0.5}