{"A": 0.502674, "C": 0.481283, "D": 0.572193, "E": 0.641711, "F": 0.0962567, "G": 0.561497, "H": 0.631016, "I": 0.208556, "K": 0.786096, "L": 0.294118, "M": 0.256684, "N": 0.475936, "P": 1.0, "Q": 0.86631, "R": 0.566845, "S": 0.652406, "T": 0.502674, "V": 0.406417, "W": 0.0, "Y": 0.197861, "X": 0.5}