{"A": 0.0769231, "C": 0.153846, "D": 0.923077, "E": 0.923077, "F": 0.0, "G": 0.692308, "H": 0.923077, "I": 0.153846, "K": 0.923077, "L": 0.0, "M": 0.0769231, "N": 1.0, "P": 1.0, "Q": 0.923077, "R": 1.0, "S": 0.230769, "T": 0.0, "V": 0.0769231, "W": 0.230769, "Y": 0.153846, "X": 0.5}